Processes	Seconds
1		0.007581
2		0.004312
3		0.003275
4		0.003710
5		0.003915
6		0.002552
7		0.003244
8		0.001910
9		0.004419
10		0.005226
11		0.020103
