Processes	Seconds
1		0.006025
2		0.002973
3		0.001967
4		0.001433
5		0.002757
6		0.001865
7		0.002227
8		0.001407
9		0.002857
10		0.002789
