Processes	Seconds
1		0.156499
2		0.072572
3		0.048118
4		0.036725
5		0.029361
6		0.025500
7		0.031450
8		0.031105
9		0.028079
10		0.030073
