Processes	Seconds
1		3.412716
2		1.726050
3		1.154071
4		0.870087
5		0.697678
6		0.582980
7		0.677189
8		0.666873
9		0.594369
10		0.583254
